INSERT INTO Uzytkownicy (Imie, Nazwisko, Email, Haslo, Typ_konta, Zgoda_RODO) VALUES
('Anna', 'Krawczyk', 'anna.krawczyk@example.com', 'hashedpassword', 'uczestnik', True),
('Paweł', 'Krawczyk', 'paweł.krawczyk@example.com', 'hashedpassword', 'uczestnik', True),
('Krzysztof', 'Wójcik', 'krzysztof.wójcik@test.org', 'hashedpassword', 'uczestnik', True),
('Maria', 'Nowak', 'maria.nowak@mail.com', 'hashedpassword', 'organizator', True),
('Jan', 'Lewandowski', 'jan.lewandowski@mail.com', 'hashedpassword', 'uczestnik', True),
('Paweł', 'Dąbrowski', 'paweł.dąbrowski@test.org', 'hashedpassword', 'admin', True),
('Anna', 'Wójcik', 'anna.wójcik@test.org', 'hashedpassword', 'uczestnik', True),
('Maria', 'Wiśniewski', 'maria.wiśniewski@example.com', 'hashedpassword', 'organizator', True),
('Tomasz', 'Krawczyk', 'tomasz.krawczyk@mail.com', 'hashedpassword', 'uczestnik', True),
('Agnieszka', 'Wójcik', 'agnieszka.wójcik@example.com', 'hashedpassword', 'organizator', True),
('Ewa', 'Kowalska', 'ewa.kowalska@test.org', 'hashedpassword', 'organizator', True),
('Paweł', 'Kowalska', 'paweł.kowalska@example.com', 'hashedpassword', 'uczestnik', True),
('Agnieszka', 'Nowak', 'agnieszka.nowak@mail.com', 'hashedpassword', 'admin', True),
('Piotr', 'Wójcik', 'piotr.wójcik@example.com', 'hashedpassword', 'uczestnik', True),
('Piotr', 'Nowak', 'piotr.nowak@mail.com', 'hashedpassword', 'organizator', True),
('Tomasz', 'Nowak', 'tomasz.nowak@example.com', 'hashedpassword', 'admin', True),
('Ewa', 'Nowak', 'ewa.nowak@example.com', 'hashedpassword', 'admin', True),
('Magda', 'Nowak', 'magda.nowak@mail.com', 'hashedpassword', 'admin', True),
('Ewa', 'Mazur', 'ewa.mazur@mail.com', 'hashedpassword', 'uczestnik', True),
('Piotr', 'Dąbrowski', 'piotr.dąbrowski@mail.com', 'hashedpassword', 'organizator', True),
('Piotr', 'Lewandowski', 'piotr.lewandowski@example.com', 'hashedpassword', 'organizator', True),
('Piotr', 'Wiśniewski', 'piotr.wiśniewski@example.com', 'hashedpassword', 'uczestnik', True),
('Tomasz', 'Nowak', 'tomasz.nowak1@example.com', 'hashedpassword', 'admin', True),
('Jan', 'Lewandowski', 'jan.lewandowski@test.org', 'hashedpassword', 'uczestnik', True),
('Magda', 'Wójcik', 'magda.wójcik@example.com', 'hashedpassword', 'admin', True),
('Ewa', 'Kaczmarek', 'ewa.kaczmarek@mail.com', 'hashedpassword', 'organizator', True),
('Ewa', 'Wójcik', 'ewa.wójcik@mail.com', 'hashedpassword', 'uczestnik', True),
('Piotr', 'Mazur', 'piotr.mazur@mail.com', 'hashedpassword', 'admin', True),
('Jan', 'Mazur', 'jan.mazur@example.com', 'hashedpassword', 'organizator', True),
('Magda', 'Lewandowski', 'magda.lewandowski@mail.com', 'hashedpassword', 'uczestnik', True),
('Ewa', 'Kaczmarek', 'ewa.kaczmarek1@mail.com', 'hashedpassword', 'organizator', True),
('Anna', 'Dąbrowski', 'anna.dąbrowski@test.org', 'hashedpassword', 'uczestnik', True),
('Piotr', 'Lewandowski', 'piotr.lewandowski@test.org', 'hashedpassword', 'admin', True),
('Paweł', 'Zieliński', 'paweł.zieliński@mail.com', 'hashedpassword', 'uczestnik', True),
('Maria', 'Wiśniewski', 'maria.wiśniewski@test.org', 'hashedpassword', 'admin', True),
('Jan', 'Wiśniewski', 'jan.wiśniewski@test.org', 'hashedpassword', 'uczestnik', True),
('Paweł', 'Lewandowski', 'paweł.lewandowski@mail.com', 'hashedpassword', 'admin', True),
('Paweł', 'Kaczmarek', 'paweł.kaczmarek@example.com', 'hashedpassword', 'organizator', True),
('Anna', 'Krawczyk', 'anna.krawczyk1@example.com', 'hashedpassword', 'organizator', True),
('Krzysztof', 'Kowalska', 'krzysztof.kowalska@mail.com', 'hashedpassword', 'admin', True),
('Anna', 'Zieliński', 'anna.zieliński@example.com', 'hashedpassword', 'admin', True),
('Magda', 'Mazur', 'magda.mazur@test.org', 'hashedpassword', 'admin', True),
('Agnieszka', 'Mazur', 'agnieszka.mazur@mail.com', 'hashedpassword', 'organizator', True),
('Magda', 'Lewandowski', 'magda.lewandowski@example.com', 'hashedpassword', 'organizator', True),
('Anna', 'Wójcik', 'anna.wójcik@example.com', 'hashedpassword', 'organizator', True),
('Jan', 'Wójcik', 'jan.wójcik@test.org', 'hashedpassword', 'uczestnik', True),
('Anna', 'Lewandowski', 'anna.lewandowski@mail.com', 'hashedpassword', 'uczestnik', True),
('Anna', 'Kaczmarek', 'anna.kaczmarek@mail.com', 'hashedpassword', 'admin', True),
('Anna', 'Wójcik', 'anna.wójcik1@test.org', 'hashedpassword', 'organizator', True),
('Jan', 'Dąbrowski', 'jan.dąbrowski@mail.com', 'hashedpassword', 'organizator', True);
INSERT INTO Festiwale (Nazwa, Lokalizacja, Data_rozpoczecia, Data_zakonczenia, Typ, Opis) VALUES
('Gmur-Drwięga s.c.', 'Pszczyna', '2025-07-11', '2025-06-10', 'rock', 'Ćwiczenie robić lot głupiec plan przód.'),
('Grupa Święs', 'Głogów', '2025-07-18', '2025-06-20', 'pop', 'Tańczyć powiedzieć założyć dłoń wywołać o.'),
('FPUH Filak-Tórz S.A.', 'Białogard', '2025-06-15', '2025-06-11', 'rock', 'Płeć waluta brat kogut odnosić się.'),
('Stowarzyszenie Kinder', 'Świdnik', '2025-07-14', '2025-07-20', 'inne', 'Tutaj alkoholowy walczyć trudno bieg związek.'),
('Stowarzyszenie Wykręt i syn s.c.', 'Oława', '2025-06-06', '2025-07-10', 'electronic', 'Siedem wierzyć wzrost przebywać skrzydło.');
INSERT INTO Artysta (Nazwa_artysty, Gatunek, Kraj_pochodzenia, Opis) VALUES
('Żybura Sp.k. Band', 'rock', 'Ukraine', 'Wraz nasz jednostka luty.'),
('PPUH Kiepas-Rudolf S.A. Band', 'rock', 'Kiribati', 'My ciemność bok włoski.'),
('Fundacja Dumała-Perka Sp.k. Band', 'pop', 'El Salvador', 'Szef tracić dać oglądać lata.'),
('PPUH Czupryn S.A. Band', 'pop', 'Guyana', 'Wokół cena minister słaby.'),
('PPUH Pyrz Sp.j. Band', 'inne', 'Guinea', 'Wina plemię pies bliski.'),
('Gabinety Dumała i syn s.c. Band', 'inne', 'Ecuador', 'Już planeta źródło.'),
('Wajdzik Sp.j. Band', 'rock', 'Malta', 'Ubranie praca zmieniać miły.'),
('Spółdzielnia Wojtyś i syn s.c. Band', 'inne', 'Dominican Republic', 'Drzwi początek niech.'),
('Sobel S.A. Band', 'pop', 'Kuwait', 'Okrągły Ziemia śmierć wyścig.'),
('Zagożdżon S.A. Band', 'inne', 'Mauritius', 'Zasada ssak wychodzić cały.');
INSERT INTO Sceny (Nazwa, Pojemnosc, Lokalizacja_na_terenie) VALUES
('Scena 1', 5436, 'Zakątek'),
('Scena 2', 3805, 'Targowa'),
('Scena 3', 5679, 'Rycerska'),
('Scena 4', 6827, 'Letnia'),
('Scena 5', 4278, 'Reymonta');
INSERT INTO Koncerty (ID_festiwalu, ID_artysty, ID_sceny, Data_i_godzina, Czas_trwania, Rodzaj_dostępu) VALUES
(1, 3, 4, '2025-06-22 20:00:00', 69, 'ogólny'),
(3, 2, 1, '2025-06-25 18:00:00', 82, 'VIP'),
(5, 5, 1, '2025-07-17 21:00:00', 94, 'ogólny'),
(4, 2, 5, '2025-06-19 23:00:00', 99, 'VIP'),
(5, 4, 1, '2025-06-03 23:00:00', 74, 'VIP'),
(1, 4, 1, '2025-06-25 20:00:00', 89, 'VIP'),
(2, 6, 3, '2025-06-14 23:00:00', 77, 'ogólny'),
(5, 3, 5, '2025-07-17 19:00:00', 70, 'VIP'),
(4, 5, 5, '2025-06-15 23:00:00', 80, 'ogólny'),
(2, 1, 3, '2025-06-26 20:00:00', 64, 'ogólny'),
(5, 6, 2, '2025-07-12 21:00:00', 85, 'VIP'),
(2, 5, 2, '2025-06-16 23:00:00', 95, 'VIP'),
(5, 7, 5, '2025-06-26 20:00:00', 74, 'ogólny'),
(5, 8, 1, '2025-07-19 18:00:00', 115, 'ogólny'),
(2, 3, 4, '2025-07-09 18:00:00', 84, 'VIP');
INSERT INTO Bilety (ID_festiwalu, Typ_biletu, Cena, Ilosc_dostepna, Data_dotyczy) VALUES
(5, 'karnet', 258.73, 298, '2025-07-06'),
(1, 'vip', 316.22, 224, '2025-07-27'),
(5, 'karnet', 330.58, 137, '2025-06-08'),
(3, 'karnet', 147.45, 50, '2025-07-17'),
(3, 'vip', 328.59, 179, '2025-07-29'),
(1, 'vip', 189.53, 213, '2025-07-03'),
(5, 'jednodniowy', 145.85, 245, '2025-06-11'),
(5, 'vip', 375.55, 203, '2025-06-21'),
(4, 'jednodniowy', 133.56, 142, '2025-07-27'),
(3, 'jednodniowy', 117.38, 274, '2025-07-07'),
(1, 'jednodniowy', 319.57, 258, '2025-06-05'),
(5, 'jednodniowy', 138.52, 171, '2025-07-31'),
(5, 'jednodniowy', 179.52, 273, '2025-07-09'),
(4, 'jednodniowy', 378.67, 243, '2025-07-17'),
(2, 'vip', 193.51, 221, '2025-07-12');
INSERT INTO Zakupy (ID_uzytkownika, Data_zakupu, Status) VALUES
(39, '2025-04-06 03:34:24', 'anulowany'),
(8, '2025-03-30 05:31:53', 'opłacony'),
(37, '2025-04-08 10:43:34', 'oczekujący'),
(17, '2025-02-07 12:48:35', 'oczekujący'),
(46, '2025-05-06 04:57:36', 'opłacony'),
(1, '2025-05-17 00:26:16', 'anulowany'),
(35, '2025-01-30 10:30:37', 'anulowany'),
(47, '2025-02-20 13:15:38', 'anulowany'),
(48, '2025-01-02 20:44:17', 'anulowany'),
(13, '2025-05-13 11:50:57', 'opłacony'),
(28, '2025-03-24 18:08:28', 'oczekujący'),
(43, '2025-02-20 17:47:47', 'opłacony'),
(40, '2025-01-17 20:59:18', 'opłacony'),
(43, '2025-04-12 09:11:35', 'oczekujący'),
(47, '2025-02-19 15:44:52', 'opłacony'),
(33, '2025-01-26 17:46:56', 'opłacony'),
(43, '2025-03-29 21:28:29', 'opłacony'),
(21, '2025-01-09 13:37:45', 'opłacony'),
(45, '2025-01-09 23:43:27', 'opłacony'),
(36, '2025-05-29 10:40:19', 'oczekujący'),
(13, '2025-03-26 20:43:04', 'opłacony'),
(43, '2025-03-12 19:27:09', 'opłacony'),
(44, '2025-04-06 11:57:59', 'anulowany'),
(12, '2025-01-24 22:23:52', 'anulowany'),
(37, '2025-02-02 16:20:54', 'opłacony'),
(26, '2025-04-04 08:05:12', 'anulowany'),
(1, '2025-04-01 17:13:38', 'opłacony'),
(19, '2025-04-04 20:43:27', 'oczekujący'),
(28, '2025-05-27 05:50:45', 'anulowany'),
(39, '2025-02-07 08:14:11', 'anulowany');
INSERT INTO Zakupione_Bilety (ID_zakupu, ID_biletu, Liczba_sztuk, Cena_jednostkowa) VALUES
(11, 8, 4, 232.65),
(7, 9, 4, 338.12),
(26, 12, 2, 297.66),
(10, 9, 3, 128.02),
(25, 4, 3, 167.39),
(7, 3, 1, 113.86),
(16, 10, 1, 236.62),
(29, 11, 2, 315.5),
(13, 8, 4, 173.2),
(21, 12, 1, 367.8),
(28, 13, 1, 333.53),
(8, 3, 4, 115.07),
(8, 15, 1, 236.94),
(26, 8, 3, 385.01),
(29, 8, 4, 349.17),
(18, 8, 2, 323.1),
(16, 8, 3, 325.53),
(27, 11, 3, 329.74),
(17, 8, 2, 182.38),
(3, 12, 3, 170.35),
(11, 6, 1, 141.51),
(8, 7, 2, 311.93),
(3, 7, 4, 199.26),
(15, 7, 1, 162.05),
(14, 7, 1, 357.02),
(25, 10, 4, 243.09),
(12, 5, 4, 356.03),
(27, 7, 2, 246.47),
(9, 7, 4, 108.71),
(11, 11, 4, 317.25),
(27, 8, 2, 394.22),
(18, 1, 4, 277.57),
(22, 1, 1, 292.82),
(5, 14, 4, 154.52),
(9, 7, 3, 163.5),
(11, 6, 4, 183.48),
(27, 7, 3, 350.47),
(16, 1, 1, 399.97),
(12, 4, 1, 334.37),
(21, 1, 1, 384.88);
INSERT INTO Statystyki_uczestnictwa (ID_festiwalu, Liczba_uczestnikow, Najpopularniejszy_koncert, Srednia_wiekowa) VALUES
(1, 3766, 14, 18.4),
(2, 2996, 4, 20.8),
(3, 2374, 10, 38.9),
(4, 8119, 12, 23.6),
(5, 6543, 3, 31.3);
